Rk,Name,Tm,Age,G,GS,W,L,T,Cmp,Att,Cmp%,Yds,TD,TD%,Int,Int%,Lng,Y/A,AY/A,Y/C,Y/G,Rate,Sk,Yds,NY/A,ANY/A,Sk%,4QC,GWD
1,Matthew Stafford,DET,23,16,16,10,6,0,421,663,63.5,5038,41,6.2,16,2.4,73,7.6,7.7,12.0,314.9,97.2,36,257,6.8,7.0,5.2,3,4
2,Drew Brees,NOR,32,16,16,13,3,0,468,657,71.2,5476,46,7.0,14,2.1,79,8.3,8.8,11.7,342.3,110.6,24,158,7.8,8.2,3.5,3,4
3,Tom Brady,NWE,34,16,16,13,3,0,401,611,65.6,5235,39,6.4,12,2.0,99,8.6,9.0,13.1,327.2,105.6,32,173,7.9,8.2,5.0,1,2
4,Eli Manning,NYG,30,16,16,9,7,0,359,589,61.0,4933,29,4.9,16,2.7,99,8.4,8.1,13.7,308.3,92.9,28,199,7.7,7.4,4.5,5,6
5,Philip Rivers,SDG,30,16,16,8,8,0,366,582,62.9,4624,27,4.6,20,3.4,58,7.9,7.3,12.6,289.0,88.7,30,198,7.2,6.6,4.9,1,1
6,Ryan Fitzpatrick,BUF,29,16,16,6,10,0,353,569,62.0,3832,24,4.2,23,4.0,60,6.7,5.8,10.9,239.5,79.1,22,148,6.2,5.3,3.7,2,2
7,Matt Ryan,ATL,26,16,16,10,6,0,347,566,61.3,4177,29,5.1,12,2.1,80,7.4,7.5,12.0,261.1,92.2,26,173,6.8,6.8,4.4,3,3
8,Josh Freeman,TAM,23,15,15,4,11,0,346,551,62.8,3592,16,2.9,22,4.0,65,6.5,5.3,10.4,239.5,74.6,29,164,5.9,4.8,5.0,1,2
9,Mark Sanchez,NYJ,25,16,16,8,8,0,308,543,56.7,3474,26,4.8,18,3.3,74,6.4,5.9,11.3,217.1,78.2,39,243,5.6,5.1,6.7,4,4
10,Joe Flacco,BAL,26,16,16,12,4,0,312,542,57.6,3610,20,3.7,12,2.2,74,6.7,6.4,11.6,225.6,80.9,31,203,5.9,5.7,5.4,2,3
11,Tony Romo,DAL,31,16,16,8,8,0,346,522,66.3,4184,31,5.9,10,1.9,77,8.0,8.3,12.1,261.5,102.5,36,227,7.1,7.4,6.5,4,4
12,Matt Hasselbeck,TEN,36,16,16,9,7,0,319,518,61.6,3571,18,3.5,14,2.7,80,6.9,6.4,11.2,223.2,82.4,19,153,6.4,5.9,3.5,2,3
13,Cam Newton,CAR,22,16,16,6,10,0,310,517,60.0,4051,21,4.1,17,3.3,91,7.8,7.2,13.1,253.2,84.5,35,260,6.9,6.2,6.3,1,1
14,Andy Dalton,CIN,24,16,16,9,7,0,300,516,58.1,3398,20,3.9,13,2.5,84,6.6,6.2,11.3,212.4,80.4,24,160,6.0,5.7,4.4,4,4
15,Ben Roethlisberger,PIT,29,15,15,11,4,0,324,513,63.2,4077,21,4.1,14,2.7,95,7.9,7.5,12.6,271.8,90.1,40,269,6.9,6.5,7.2,1,1
16,Aaron Rodgers,GNB,28,15,15,14,1,0,343,502,68.3,4643,45,9.0,6,1.2,93,9.2,10.5,13.5,309.5,122.5,36,219,8.2,9.4,6.7,0,1
17,Colt McCoy,CLE,24,13,13,4,9,0,265,463,57.2,2733,14,3.0,11,2.4,56,5.9,5.4,10.3,210.2,74.6,32,173,5.2,4.7,6.5,1,3
18,Rex Grossman,WAS,31,13,13,5,8,0,265,458,57.9,3151,16,3.5,20,4.4,51,6.9,5.6,11.9,242.4,72.4,25,201,6.1,4.9,5.2,2,2
19,Tarvaris Jackson,SEA,28,15,14,7,7,0,271,450,60.2,3091,14,3.1,13,2.9,61,6.9,6.2,11.4,206.1,79.2,42,294,5.7,5.1,8.5,,
20,Alex Smith,SFO,27,16,16,13,3,0,274,446,61.4,3150,17,3.8,5,1.1,56,7.1,7.3,11.5,196.9,90.7,44,263,5.9,6.1,9.0,5,5
21,Michael Vick,PHI,31,13,13,7,6,0,253,423,59.8,3303,18,4.3,14,3.3,73,7.8,7.2,13.1,254.1,84.9,23,126,7.1,6.5,5.2,,
22,Blaine Gabbert,JAX,22,15,14,4,10,0,210,413,50.8,2214,12,2.9,11,2.7,74,5.4,4.7,10.5,147.6,65.4,40,293,4.2,3.7,8.8,,
23,Sam Bradford,STL,24,10,10,1,9,0,191,357,53.5,2164,6,1.7,6,1.7,68,6.1,5.6,11.3,216.4,70.5,36,248,4.9,4.5,9.2,1,1
24,Matt Moore,MIA,27,13,12,6,6,0,210,347,60.5,2497,16,4.6,9,2.6,65,7.2,7.0,11.9,192.1,87.1,36,229,5.9,5.7,9.4,1,1
25,Carson Palmer,OAK,32,10,9,4,5,0,199,328,60.7,2753,13,4.0,16,4.9,78,8.4,7.0,13.8,275.3,80.5,17,119,7.6,6.3,4.9,0,1
26,Jay Cutler,CHI,28,10,10,7,3,0,182,314,58.0,2319,13,4.1,7,2.2,56,7.4,7.2,12.7,231.9,85.7,23,159,6.4,6.2,6.8,1,1
27,Matt Schaub,HOU,30,10,10,7,3,0,178,292,61.0,2479,15,5.1,6,2.1,80,8.5,8.6,13.9,247.9,96.8,16,98,7.7,7.8,5.2,0,1
28,Christian Ponder,MIN,23,11,10,2,7,0,158,291,54.3,1853,13,4.5,13,4.5,72,6.4,5.3,11.7,168.5,70.1,30,164,5.3,4.2,9.3,0,1
29,John Skelton,ARI,23,8,7,5,2,0,151,275,54.9,1913,11,4.0,14,5.1,60,7.0,5.5,12.7,239.1,68.9,23,162,5.9,4.5,7.7,4,5
30,Tim Tebow,DEN,24,14,11,7,4,0,126,271,46.5,1729,12,4.4,6,2.2,56,6.4,6.3,13.7,123.5,72.9,33,225,4.9,4.8,10.9,5,5
31,Matt Cassel,KAN,29,9,9,4,5,0,160,269,59.5,1713,10,3.7,9,3.3,52,6.4,5.6,10.7,190.3,76.6,22,120,5.5,4.8,7.6,1,2
32,Kevin Kolb,ARI,27,9,9,3,6,0,146,253,57.7,1955,9,3.6,8,3.2,73,7.7,7.0,13.4,217.2,81.1,30,219,6.1,5.5,10.6,2,1
33,Kyle Orton,2TM,29,5,5,3,5,0,150,252,59.5,1758,9,3.6,9,3.6,52,7.0,6.1,11.7,351.6,77.8,10,54,6.5,5.6,3.8,0,0
34,Curtis Painter,IND,26,9,8,0,8,0,132,243,54.3,1541,6,2.5,9,3.7,87,6.3,5.2,11.7,171.2,66.6,16,104,5.5,4.4,6.2,,
35,Dan Orlovsky,IND,28,8,5,2,3,0,122,193,63.2,1201,6,3.1,4,2.1,40,6.2,5.9,9.8,150.1,82.4,14,84,5.4,5.1,6.8,1,1
36,Jason Campbell,OAK,30,6,6,4,2,0,100,165,60.6,1170,6,3.6,4,2.4,58,7.1,6.7,11.7,195.0,84.2,5,19,6.8,6.4,2.9,1,1
37,Donovan McNabb,MIN,35,6,6,1,5,0,94,156,60.3,1026,4,2.6,2,1.3,60,6.6,6.5,10.9,171.0,82.9,16,113,5.3,5.3,9.3,,
38,Tyler Palko,KAN,28,6,4,1,3,0,80,134,59.7,796,2,1.5,7,5.2,38,5.9,3.9,10.0,132.7,59.8,11,83,4.9,3.0,7.6,,
39,T.J. Yates,HOU,24,6,5,2,3,0,82,134,61.2,949,3,2.2,3,2.2,50,7.1,6.5,11.6,158.2,80.7,15,74,5.9,5.4,10.1,1,2
40,John Beck,WAS,30,4,3,0,3,0,80,132,60.6,858,2,1.5,4,3.0,32,6.5,5.4,10.7,214.5,72.1,16,84,5.2,4.3,10.8,,
41,Vince Young,PHI,28,7,3,1,2,0,66,114,57.9,866,4,3.5,9,7.9,58,7.6,4.7,13.1,123.7,60.8,8,34,6.8,4.2,6.6,0,1
42,Chad Henne,MIA,26,4,4,0,4,0,64,112,57.1,868,4,3.6,4,3.6,41,7.8,6.9,13.6,217.0,79.0,11,67,6.5,5.7,8.9,,
43,Seneca Wallace,CLE,31,6,3,0,3,0,55,107,51.4,567,2,1.9,2,1.9,76,5.3,4.8,10.3,94.5,65.4,6,30,4.8,4.3,5.3,,
44,Caleb Hanie,CHI,26,6,4,0,4,0,51,102,50.0,613,3,2.9,9,8.8,81,6.0,2.6,12.0,102.2,41.8,19,133,4.0,1.1,15.7,,
45,Kerry Collins,IND,39,3,3,0,3,0,48,98,49.0,481,2,2.0,1,1.0,36,4.9,4.9,10.0,160.3,65.9,5,40,4.3,4.2,4.9,,
46,A.J. Feeley,STL,34,5,3,1,2,0,53,97,54.6,548,1,1.0,2,2.1,34,5.6,4.9,10.3,109.6,66.0,10,72,4.4,3.8,9.3,,
47,Kellen Clemens,STL,28,3,3,0,3,0,48,91,52.7,546,2,2.2,1,1.1,36,6.0,5.9,11.4,182.0,73.8,9,68,4.8,4.7,9.0,,
48,Jake Locker,TEN,23,5,0,0,0,0,34,66,51.5,542,4,6.1,0,0.0,54,8.2,9.4,15.9,108.4,99.4,5,37,7.1,8.2,7.0,,
49,Joe Webb,MIN,25,9,1,0,1,0,34,63,54.0,376,3,4.8,2,3.2,36,6.0,5.5,11.1,41.8,74.6,3,21,5.4,4.9,4.5,0,1
50,Luke McCown,JAX,30,4,2,1,1,0,30,56,53.6,296,0,0.0,4,7.1,26,5.3,2.1,9.9,74.0,39.0,4,38,4.3,1.3,6.7,,
51,Charlie Whitehurst,SEA,29,3,2,0,2,0,27,56,48.2,298,1,1.8,1,1.8,38,5.3,4.9,11.0,99.3,62.9,8,46,3.9,3.5,12.5,1,1
52,Josh McCown,CHI,32,3,2,1,1,0,35,55,63.6,414,2,3.6,4,7.3,49,7.5,5.0,11.8,138.0,68.3,7,43,6.0,3.7,11.3,,
53,Matt Flynn,GNB,26,5,1,1,0,0,33,49,67.3,518,6,12.2,2,4.1,80,10.6,11.2,15.7,103.6,124.8,5,18,9.3,9.8,9.3,1,1
54,Stephen McGee,DAL,26,1,0,0,0,0,24,38,63.2,182,1,2.6,0,0.0,19,4.8,5.3,7.6,182.0,83.4,3,25,3.8,4.3,7.3,,
55,Josh Johnson,TAM,25,9,1,0,1,0,19,36,52.8,246,1,2.8,2,5.6,42,6.8,4.9,12.9,27.3,60.6,3,24,5.7,3.9,7.7,,
56,Kyle Boller,OAK,30,2,1,0,1,0,15,28,53.6,161,0,0.0,3,10.7,27,5.8,0.9,10.7,80.5,31.1,3,19,4.6,0.2,9.7,,
57,Jake Delhomme,HOU,36,1,0,0,0,0,18,28,64.3,211,1,3.6,0,0.0,40,7.5,8.3,11.7,211.0,99.0,2,18,6.4,7.1,6.7,,
58,Chris Redman,ATL,34,5,0,0,0,0,18,28,64.3,188,0,0.0,1,3.6,22,6.7,5.1,10.4,37.6,68.8,0,0,6.7,5.1,0.0,,
59,Charlie Batch,PIT,37,4,1,1,0,0,15,24,62.5,208,0,0.0,1,4.2,46,8.7,6.8,13.9,52.0,72.9,2,10,7.6,5.9,7.7,,
60,Richard Bartel,ARI,28,2,0,0,0,0,10,22,45.5,86,1,4.5,1,4.5,23,3.9,2.8,8.6,43.0,52.5,1,6,3.5,2.4,4.3,,
61,Bruce Gradkowski,CIN,28,2,0,0,0,0,8,18,44.4,109,1,5.6,1,5.6,41,6.1,4.7,13.6,54.5,59.7,1,7,5.4,4.1,5.3,1,1
62,Mike Kafka,PHI,24,4,0,0,0,0,11,16,68.8,107,0,0.0,2,12.5,43,6.7,1.1,9.7,26.8,47.7,1,6,5.9,0.6,5.9,,
63,Matt Leinart,HOU,28,2,1,1,0,0,10,13,76.9,57,1,7.7,0,0.0,20,4.4,5.9,5.7,28.5,110.1,0,0,4.4,5.9,0.0,,
64,Jon Kitna,DAL,39,3,0,0,0,0,6,10,60.0,87,1,10.0,2,20.0,33,8.7,1.7,14.5,29.0,82.1,0,0,8.7,1.7,0.0,,
65,J.P. Losman,MIA,30,2,0,0,0,0,6,10,60.0,60,0,0.0,0,0.0,25,6.0,6.0,10.0,30.0,77.1,5,38,1.5,1.5,33.3,,
66,Tyler Thigpen,BUF,27,3,0,0,0,0,3,8,37.5,25,0,0.0,1,12.5,13,3.1,,2.5,8.3,8.3,6.8,0,0,3.1,,2.5,0.0,,
67,Chase Daniel,NOR,25,16,0,0,0,0,4,5,80.0,29,0,0.0,0,0.0,14,5.8,5.8,7.3,1.8,90.8,0,0,5.8,5.8,0.0,,
68,Colin Kaepernick,SFO,24,3,0,0,0,0,3,5,60.0,35,0,0.0,0,0.0,19,7.0,7.0,11.7,11.7,81.2,0,0,7.0,7.0,0.0,,
69,Mark Brunell,NYJ,41,16,0,0,0,0,1,3,33.3,27,0,0.0,0,0.0,27,9.0,9.0,27.0,1.7,67.4,0,0,9.0,9.0,0.0,,
70,Shaun Hill,DET,31,2,0,0,0,0,2,3,66.7,33,0,0.0,0,0.0,28,11.0,11.0,16.5,16.5,103.5,0,0,11.0,11.0,0.0,,
71,Shane Lechler,OAK,35,16,0,0,0,0,1,3,33.3,35,1,33.3,0,0.0,35,11.7,18.3,35.0,2.2,118.1,0,0,11.7,18.3,0.0,,
72,Tom Brandstater,STL,27,1,0,0,0,0,0,2,0.0,0,0,0.0,0,0.0,0,0.0,0.0,,0.0,39.6,0,0,0.0,0.0,0.0,,
73,Marshawn Lynch,SEA,25,15,15,0,0,0,0,2,0.0,0,0,0.0,0,0.0,0,0.0,0.0,,0.0,39.6,0,0,0.0,0.0,0.0,,
74,David Akers,SFO,37,16,0,0,0,0,1,1,100.0,14,1,100.0,0,0.0,14,14.0,34.0,14.0,0.9,158.3,0,0,14.0,34.0,0.0,,
75,Brandon Banks,WAS,24,16,0,0,0,0,1,1,100.0,49,1,100.0,0,0.0,49,49.0,69.0,49.0,3.1,158.3,0,0,49.0,69.0,0.0,,
76,Randall Cobb,GNB,21,15,0,0,0,0,0,1,0.0,0,0,0.0,0,0.0,0,0.0,0.0,,0.0,39.6,0,0,0.0,0.0,0.0,,
77,Britton Colquitt,DEN,26,16,0,0,0,0,0,1,0.0,0,0,0.0,0,0.0,0,0.0,0.0,,0.0,39.6,0,0,0.0,0.0,0.0,,
78,Eric Decker,DEN,24,16,13,0,0,0,0,1,0.0,0,0,0.0,0,0.0,0,0.0,0.0,,0.0,39.6,0,0,0.0,0.0,0.0,,
79,Armanti Edwards,CAR,23,16,0,0,0,0,1,1,100.0,11,0,0.0,0,0.0,11,11.0,11.0,11.0,0.7,112.5,0,0,11.0,11.0,0.0,,
80,Matt Forte,CHI,26,12,12,0,0,0,0,1,0.0,0,0,0.0,0,0.0,0,0.0,0.0,,0.0,39.6,0,0,0.0,0.0,0.0,,
81,Chas Henry,PHI,22,16,0,0,0,0,0,1,0.0,0,0,0.0,0,0.0,0,0.0,0.0,,0.0,39.6,0,0,0.0,0.0,0.0,,
82,Brian Hoyer,NWE,26,3,0,0,0,0,1,1,100.0,22,0,0.0,0,0.0,22,22.0,22.0,22.0,7.3,118.7,0,0,22.0,22.0,0.0,,
83,Jeremy Kerley,NYJ,23,14,0,0,0,0,1,1,100.0,41,0,0.0,0,0.0,41,41.0,41.0,41.0,2.9,118.7,0,0,41.0,41.0,0.0,,
84,Brandon Lloyd,2TM,30,4,15,0,0,0,0,1,0.0,0,0,0.0,0,0.0,0,0.0,0.0,,0.0,39.6,0,0,0.0,0.0,0.0,0,0
85,Legedu Naanee,CAR,28,15,11,0,0,0,1,1,100.0,27,0,0.0,0,0.0,27,27.0,27.0,27.0,1.8,118.7,0,0,27.0,27.0,0.0,,
86,Jerious Norwood,STL,28,9,0,0,0,0,0,1,0.0,0,0,0.0,1,100.0,0,0.0,,45.0,,0.0,0.0,0,0,0.0,,45.0,0.0,,
87,Adam Podlesh,CHI,28,16,0,0,0,0,0,1,0.0,0,0,0.0,0,0.0,0,0.0,0.0,,0.0,39.6,0,0,0.0,0.0,0.0,,
88,Ray Rice,BAL,24,16,16,0,0,0,1,1,100.0,1,1,100.0,0,0.0,1,1.0,21.0,1.0,0.1,118.7,0,0,1.0,21.0,0.0,,
89,Sidney Rice,SEA,25,9,9,0,0,0,1,1,100.0,55,0,0.0,0,0.0,55,55.0,55.0,55.0,6.1,118.7,0,0,55.0,55.0,0.0,,
90,Emmanuel Sanders,PIT,28,11,1,0,0,0,1,1,100.0,15,0,0.0,0,0.0,15,15.0,15.0,15.0,1.4,118.7,0,0,15.0,15.0,0.0,,
91,Bernard Scott,CIN,27,16,1,0,0,0,0,1,0.0,0,0,0.0,0,0.0,0,0.0,0.0,,0.0,39.6,0,0,0.0,0.0,0.0,,
92,Daniel Sepulveda,PIT,27,8,0,0,0,0,1,1,100.0,33,0,0.0,0,0.0,33,33.0,33.0,33.0,4.1,118.7,0,0,33.0,33.0,0.0,,
93,Brad Smith,BUF,28,15,5,0,0,0,0,1,0.0,0,0,0.0,1,100.0,0,0.0,,45.0,,0.0,0.0,1,6,,3.0,,25.5,50.0,,
94,Micheal Spurlock,TAM,28,12,0,0,0,0,0,1,0.0,0,0,0.0,0,0.0,0,0.0,0.0,,0.0,39.6,0,0,0.0,0.0,0.0,,
95,Tyrod Taylor,BAL,22,3,0,0,0,0,1,1,100.0,18,0,0.0,0,0.0,18,18.0,18.0,18.0,6.0,118.7,2,3,5.0,5.0,66.7,,
96,Demaryius Thomas,DEN,24,11,5,0,0,0,0,1,0.0,0,0,0.0,0,0.0,0,0.0,0.0,,0.0,39.6,0,0,0.0,0.0,0.0,,
1,Peyton Manning,IND,34,16,16,10,6,0,450,679,66.3,4700,33,4.9,17,2.5,73,6.9,6.8,10.4,293.8,91.9,16,91,6.6,6.5,2.3,0,2
2,Drew Brees,NOR,31,16,16,11,5,0,448,658,68.1,4620,33,5.0,22,3.3,80,7.0,6.5,10.3,288.8,90.9,25,185,6.5,6.0,3.7,4,5
3,Sam Bradford,STL,23,16,16,7,9,0,354,590,60.0,3512,18,3.1,15,2.5,49,6.0,5.4,9.9,219.5,76.5,34,244,5.2,4.7,5.4,,
4,Carson Palmer,CIN,31,16,16,4,12,0,362,586,61.8,3970,26,4.4,20,3.4,78,6.8,6.1,11.0,248.1,82.4,26,201,6.2,5.5,4.2,1,1
5,Matt Schaub,HOU,29,16,16,6,10,0,365,574,63.6,4370,24,4.2,12,2.1,60,7.6,7.5,12.0,273.1,92.0,32,226,6.8,6.7,5.3,2,2
6,Matt Ryan,ATL,25,16,16,13,3,0,357,571,62.5,3705,28,4.9,9,1.6,46,6.5,6.8,10.4,231.6,91.0,23,158,6.0,6.2,3.9,5,6
7,Philip Rivers,SDG,29,16,16,9,7,0,357,541,66.0,4710,30,5.5,13,2.4,59,8.7,8.7,13.2,294.4,101.8,38,227,7.7,7.8,6.6,1,1
8,Eli Manning,NYG,29,16,16,10,6,0,339,539,62.9,4002,31,5.8,25,4.6,92,7.4,6.5,11.8,250.1,85.3,16,117,7.0,6.1,2.9,1,1
9,Mark Sanchez,NYJ,24,16,16,11,5,0,278,507,54.8,3291,17,3.4,13,2.6,74,6.5,6.0,11.8,205.7,75.3,27,171,5.8,5.4,5.1,3,5
10,Kyle Orton,DEN,28,13,13,3,10,0,293,498,58.8,3653,20,4.0,9,1.8,71,7.3,7.3,12.5,281.0,87.5,34,243,6.4,6.4,6.4,1,1
11,Tom Brady,NWE,33,16,16,14,2,0,324,492,65.9,3900,36,7.3,4,0.8,79,7.9,9.0,12.0,243.8,111.0,25,175,7.2,8.2,4.8,2,3
12,Chad Henne,MIA,25,15,14,6,8,0,301,490,61.4,3301,15,3.1,19,3.9,57,6.7,5.6,11.0,220.1,75.4,30,178,6.0,4.9,5.8,0,1
13,Joe Flacco,BAL,25,16,16,12,4,0,306,489,62.6,3622,25,5.1,10,2.0,67,7.4,7.5,11.8,226.4,93.6,40,294,6.3,6.4,7.6,2,4
14,Aaron Rodgers,GNB,27,15,15,10,5,0,312,475,65.7,3922,28,5.9,11,2.3,86,8.3,8.4,12.6,261.5,101.2,31,193,7.4,7.5,6.1,0,1
15,Josh Freeman,TAM,22,16,16,10,6,0,291,474,61.4,3451,25,5.3,6,1.3,64,7.3,7.8,11.9,215.7,95.9,28,195,6.5,6.9,5.6,5,5
16,Donovan McNabb,WAS,34,13,13,5,8,0,275,472,58.3,3377,14,3.0,15,3.2,76,7.2,6.3,12.3,259.8,77.1,37,271,6.1,5.3,7.3,2,2
17,Matt Cassel,KAN,28,15,15,10,5,0,262,450,58.2,3116,27,6.0,7,1.6,75,6.9,7.4,11.9,207.7,93.0,26,182,6.2,6.6,5.5,1,2
18,Matt Hasselbeck,SEA,35,14,14,6,8,0,266,444,59.9,3001,12,2.7,17,3.8,87,6.8,5.6,11.3,214.4,73.2,29,175,6.0,4.9,6.1,0,0
19,Ryan Fitzpatrick,BUF,28,13,13,4,9,0,255,441,57.8,3000,23,5.2,15,3.4,65,6.8,6.3,11.8,230.8,81.8,24,145,6.1,5.7,5.2,1,1
20,Jay Cutler,CHI,27,15,15,10,5,0,261,432,60.4,3274,23,5.3,16,3.7,89,7.6,7.0,12.5,218.3,86.3,52,352,6.0,5.5,10.7,4,4
21,Shaun Hill,DET,30,11,10,3,7,0,257,416,61.8,2686,16,3.8,12,2.9,75,6.5,5.9,10.5,244.2,81.3,17,113,5.9,5.4,3.9,1,0
22,Ben Roethlisberger,PIT,28,12,12,9,3,0,240,389,61.7,3200,17,4.4,5,1.3,56,8.2,8.5,13.3,266.7,97.0,32,220,7.1,7.4,7.6,2,3
23,Michael Vick,PHI,30,12,11,8,3,0,233,372,62.6,3018,21,5.6,6,1.6,91,8.1,8.5,13.0,251.5,100.2,34,210,6.9,7.3,8.4,4,3
24,David Garrard,JAX,32,14,14,8,6,0,236,366,64.5,2734,23,6.3,15,4.1,75,7.5,6.9,11.6,195.3,90.8,33,253,6.2,5.7,8.3,1,5
25,Brett Favre,MIN,41,13,13,5,8,0,217,358,60.6,2509,11,3.1,19,5.3,53,7.0,5.2,11.6,193.0,69.9,22,139,6.2,4.6,5.8,1,2
26,Alex Smith,SFO,26,11,10,3,7,0,204,342,59.6,2370,14,4.1,10,2.9,62,6.9,6.4,11.6,215.5,82.1,25,140,6.1,5.6,6.8,,
27,Jason Campbell,OAK,29,13,12,7,5,0,194,329,59.0,2387,13,4.0,8,2.4,73,7.3,7.0,12.3,183.6,84.5,33,208,6.0,5.7,9.1,2,2
28,Derek Anderson,ARI,27,12,9,2,7,0,169,327,51.7,2065,7,2.1,10,3.1,43,6.3,5.4,12.2,172.1,65.9,25,176,5.4,4.5,7.1,1,1
29,Jon Kitna,DAL,38,10,9,4,5,0,209,318,65.7,2365,16,5.0,12,3.8,71,7.4,6.7,11.3,236.5,88.9,21,100,6.7,6.0,6.2,1,2
30,Jimmy Clausen,CAR,23,13,10,1,9,0,157,299,52.5,1558,3,1.0,9,3.0,55,5.2,4.1,9.9,119.8,58.4,33,223,4.0,3.0,9.9,,
31,Kerry Collins,TEN,38,9,7,2,5,0,160,278,57.6,1823,14,5.0,8,2.9,80,6.6,6.3,11.4,202.6,82.2,13,91,6.0,5.7,4.5,1,1
32,Colt McCoy,CLE,23,8,8,2,6,0,135,222,60.8,1576,6,2.7,9,4.1,47,7.1,5.8,11.7,197.0,74.5,23,132,5.9,4.7,9.4,,
33,Tony Romo,DAL,30,6,6,1,5,0,148,213,69.5,1605,11,5.2,7,3.3,69,7.5,7.1,10.8,267.5,94.9,7,41,7.1,6.7,3.2,,
34,Kevin Kolb,PHI,26,7,5,2,3,0,115,189,60.8,1197,7,3.7,7,3.7,83,6.3,5.4,10.4,171.0,76.1,15,99,5.4,4.5,7.4,,
35,Bruce Gradkowski,OAK,27,6,4,1,3,0,83,157,52.9,1059,5,3.2,7,4.5,70,6.7,5.4,12.8,176.5,66.3,10,77,5.9,4.6,6.0,,
36,Vince Young,TEN,27,9,8,4,4,0,93,156,59.6,1255,10,6.4,3,1.9,71,8.0,8.5,13.5,139.4,98.6,13,80,7.0,7.3,7.7,0,1
37,Jake Delhomme,CLE,35,5,4,2,2,0,93,149,62.4,872,2,1.3,7,4.7,49,5.9,4.0,9.4,174.4,63.4,6,49,5.3,3.5,3.9,1,2
38,Troy Smith,SFO,26,6,6,3,3,0,73,145,50.3,1176,5,3.4,4,2.8,66,8.1,7.6,16.1,196.0,77.8,18,112,6.5,6.0,11.0,2,2
39,Matt Moore,CAR,26,6,5,1,4,0,79,143,55.2,857,5,3.5,10,7.0,39,6.0,3.5,10.8,142.8,55.6,13,90,4.9,2.7,8.3,1,1
40,Rex Grossman,WAS,30,4,3,1,2,0,74,133,55.6,884,7,5.3,4,3.0,64,6.6,6.3,11.9,221.0,81.2,9,77,5.7,5.4,6.3,0,1
41,John Skelton,ARI,22,5,4,2,2,0,60,126,47.6,662,2,1.6,2,1.6,74,5.3,4.9,11.0,132.4,62.3,9,65,4.4,4.1,6.7,1,1
42,Drew Stanton,DET,26,6,3,2,1,0,69,119,58.0,780,4,3.4,3,2.5,87,6.6,6.1,11.3,130.0,78.4,6,42,5.9,5.5,4.8,2,2
43,Trent Edwards,2TM,27,5,3,0,3,0,55,101,54.5,521,2,2.0,5,5.0,44,5.2,3.3,9.5,104.2,54.9,11,95,3.8,2.2,9.8,0,0
44,Seneca Wallace,CLE,30,8,4,1,3,0,64,101,63.4,694,4,4.0,2,2.0,65,6.9,6.8,10.8,86.8,88.5,6,33,6.2,6.1,5.6,,
45,Charlie Whitehurst,SEA,28,6,2,1,1,0,57,99,57.6,507,2,2.0,3,3.0,61,5.1,4.2,8.9,84.5,65.5,5,13,4.8,3.8,4.8,,
46,Matthew Stafford,DET,22,3,3,1,2,0,57,96,59.4,535,6,6.3,1,1.0,36,5.6,6.4,9.4,178.3,91.3,4,36,5.0,5.7,4.0,1,1
47,Joe Webb,MIN,24,5,2,1,1,0,54,89,60.7,477,0,0.0,3,3.4,46,5.4,3.8,8.8,95.4,60.9,8,48,4.4,3.0,8.2,,
48,Tim Tebow,DEN,23,9,3,1,2,0,41,82,50.0,654,5,6.1,3,3.7,50,8.0,7.5,16.0,72.7,82.1,6,26,7.1,6.7,6.8,1,1
49,Max Hall,ARI,25,6,3,1,2,0,39,78,50.0,370,1,1.3,6,7.7,26,4.7,1.5,9.5,61.7,35.7,14,90,3.0,0.3,15.2,0,1
50,Matt Flynn,GNB,25,7,1,0,1,0,40,66,60.6,433,3,4.5,2,3.0,66,6.6,6.1,10.8,61.9,82.4,7,38,5.4,5.0,9.6,,
51,Tyler Thigpen,MIA,26,5,1,0,1,0,33,62,53.2,435,2,3.2,2,3.2,35,7.0,6.2,13.2,87.0,73.0,8,50,5.5,4.8,11.4,,
52,Tarvaris Jackson,MIN,27,3,1,0,1,0,34,58,58.6,341,3,5.2,4,6.9,46,5.9,3.8,10.0,113.7,63.9,6,43,4.7,2.8,9.4,,
53,Charlie Batch,PIT,36,3,2,1,1,0,29,49,59.2,352,3,6.1,3,6.1,46,7.2,5.7,12.1,117.3,76.2,4,21,6.2,4.8,7.5,,
54,Stephen McGee,DAL,25,2,1,1,0,0,22,44,50.0,238,2,4.5,0,0.0,37,5.4,6.3,10.8,119.0,81.4,3,25,4.5,5.4,6.4,1,1
55,Rusty Smith,TEN,23,3,1,0,1,0,20,40,50.0,200,0,0.0,4,10.0,52,5.0,0.5,10.0,66.7,25.0,1,0,4.9,0.5,2.4,,
56,Todd Bouman,JAX,38,1,1,0,1,0,18,34,52.9,222,2,5.9,2,5.9,29,6.5,5.1,12.3,222.0,68.5,1,6,6.2,4.7,2.9,,
57,Dennis Dixon,PIT,25,2,2,2,0,0,22,32,68.8,254,0,0.0,1,3.1,52,7.9,6.5,11.5,127.0,79.4,5,41,5.8,4.5,13.5,0,1
58,Richard Bartel,ARI,27,1,0,0,0,0,16,28,57.1,150,0,0.0,1,3.6,31,5.4,3.8,9.4,150.0,57.1,2,12,4.6,3.1,6.7,,
59,Brian St. Pierre,CAR,31,1,1,0,1,0,13,28,46.4,173,1,3.6,2,7.1,88,6.2,3.7,13.3,173.0,48.7,3,23,4.8,2.6,9.7,,
60,Todd Collins,CHI,39,2,1,1,0,0,10,27,37.0,68,0,0.0,5,18.5,19,2.5,,5.8,6.8,34.0,5.9,2,15,1.8,,5.9,6.9,,
61,Brian Brohm,BUF,25,1,1,0,1,0,10,23,43.5,106,0,0.0,3,13.0,33,4.6,,1.3,10.6,106.0,17.9,3,5,3.9,,1.3,11.5,,
62,Brodie Croyle,KAN,27,2,1,0,1,0,8,19,42.1,38,0,0.0,1,5.3,16,2.0,,0.4,4.8,19.0,27.7,4,29,0.4,,1.6,17.4,,
63,Luke McCown,JAX,29,1,0,0,0,0,11,19,57.9,120,0,0.0,0,0.0,25,6.3,6.3,10.9,120.0,76.6,0,0,6.3,6.3,0.0,,
64,Josh Johnson,TAM,24,11,0,0,0,0,14,16,87.5,111,0,0.0,0,0.0,22,6.9,6.9,7.9,10.1,95.6,2,8,5.7,5.7,11.1,,
65,Brian Hoyer,NWE,25,5,0,0,0,0,7,15,46.7,122,1,6.7,1,6.7,42,8.1,6.5,17.4,24.4,69.3,0,0,8.1,6.5,0.0,,
66,Mark Brunell,NYJ,40,2,0,0,0,0,7,13,53.8,117,2,15.4,1,7.7,52,9.0,8.6,16.7,58.5,92.0,1,7,7.9,7.5,7.1,,
67,David Carr,SFO,31,1,0,0,0,0,5,13,38.5,67,0,0.0,1,7.7,22,5.2,1.7,13.4,67.0,23.6,1,5,4.4,1.2,7.1,,
68,Tony Pike,CAR,24,1,0,0,0,0,6,12,50.0,47,0,0.0,0,0.0,22,3.9,3.9,7.8,47.0,60.1,1,10,2.8,2.8,7.7,,
69,Caleb Hanie,CHI,25,2,0,0,0,0,5,7,71.4,55,0,0.0,0,0.0,26,7.9,7.9,11.0,27.5,94.3,2,15,4.4,4.4,22.2,,
70,Byron Leftwich,PIT,30,1,0,0,0,0,5,7,71.4,42,0,0.0,0,0.0,14,6.0,6.0,8.4,42.0,86.6,2,7,3.9,3.9,22.2,,
71,Tyler Palko,KAN,27,2,0,0,0,0,4,6,66.7,35,0,0.0,0,0.0,18,5.8,5.8,8.8,17.5,81.9,2,10,3.1,3.1,25.0,,
72,Chris Redman,ATL,33,2,0,0,0,0,4,6,66.7,20,0,0.0,0,0.0,14,3.3,3.3,5.0,10.0,71.5,0,0,3.3,3.3,0.0,,
73,Kyle Boller,OAK,29,5,0,0,0,0,2,4,50.0,25,0,0.0,1,25.0,20,6.3,,5.0,12.5,5.0,30.2,1,6,3.8,,5.2,20.0,,
74,Levi Brown,BUF,23,1,0,0,0,0,2,3,66.7,24,0,0.0,1,33.3,16,8.0,,7.0,12.0,24.0,51.4,0,0,8.0,,7.0,0.0,,
75,Josh Cribbs,CLE,27,15,5,0,0,0,2,3,66.7,19,0,0.0,0,0.0,10,6.3,6.3,9.5,1.3,84.0,1,0,4.8,4.8,25.0,,
76,Chase Daniel,NOR,24,13,0,0,0,0,2,3,66.7,16,0,0.0,0,0.0,9,5.3,5.3,8.0,1.2,79.9,1,10,1.5,1.5,25.0,,
77,Jordan Palmer,CIN,26,1,0,0,0,0,3,3,100.0,18,0,0.0,0,0.0,7,6.0,6.0,6.0,18.0,91.7,2,20,,0.4,,0.4,40.0,,
78,Brad Smith,NYJ,27,16,2,0,0,0,2,3,66.7,6,1,33.3,0,0.0,3,2.0,8.7,3.0,0.4,109.7,0,0,2.0,8.7,0.0,,
79,Micheal Spurlock,TAM,27,16,1,0,0,0,0,3,0.0,0,0,0.0,0,0.0,0,0.0,0.0,,0.0,39.6,0,0,0.0,0.0,0.0,,
80,Steve Breaston,ARI,27,13,11,0,0,0,1,2,50.0,17,0,0.0,0,0.0,17,8.5,8.5,17.0,1.3,79.2,0,0,8.5,8.5,0.0,,
81,Ronnie Brown,MIA,29,16,16,0,0,0,0,2,0.0,0,0,0.0,0,0.0,0,0.0,0.0,,0.0,39.6,0,0,0.0,0.0,0.0,,
82,Kellen Clemens,NYJ,27,1,0,0,0,0,1,2,50.0,6,0,0.0,0,0.0,6,3.0,3.0,6.0,6.0,56.2,0,0,3.0,3.0,0.0,,
83,Peyton Hillis,CLE,24,16,14,0,0,0,1,2,50.0,13,0,0.0,0,0.0,13,6.5,6.5,13.0,0.8,70.8,0,0,6.5,6.5,0.0,,
84,Chad Pennington,MIA,34,1,1,1,0,0,1,2,50.0,19,0,0.0,0,0.0,19,9.5,9.5,19.0,19.0,83.3,0,0,9.5,9.5,0.0,,
85,Antwaan Randle El,PIT,31,16,0,0,0,0,2,2,100.0,42,2,100.0,0,0.0,39,21.0,41.0,21.0,2.6,158.3,0,0,21.0,41.0,0.0,,
86,Marion Barber,DAL,27,13,10,0,0,0,0,1,0.0,0,0,0.0,0,0.0,0,0.0,0.0,,0.0,39.6,0,0,0.0,0.0,0.0,,
87,Jahvid Best,DET,21,16,9,0,0,0,0,1,0.0,0,0,0.0,0,0.0,0,0.0,0.0,,0.0,39.6,0,0,0.0,0.0,0.0,,
88,Anquan Boldin,BAL,30,16,16,0,0,0,1,1,100.0,,6,0,0.0,0,0.0,,6,,6.0,,6.0,,6.0,,0.4,79.2,0,0,,6.0,,6.0,0.0,,
89,Patrick Crayton,SDG,31,9,2,0,0,0,0,1,0.0,0,0,0.0,0,0.0,0,0.0,0.0,,0.0,39.6,0,0,0.0,0.0,0.0,,
90,Armanti Edwards,CAR,22,3,0,0,0,0,1,1,100.0,0,0,0.0,0,0.0,0,0.0,0.0,0.0,0.0,79.2,0,0,0.0,0.0,0.0,,
91,Earnest Graham,TAM,30,12,7,0,0,0,1,1,100.0,2,1,100.0,0,0.0,2,2.0,22.0,2.0,0.2,118.7,0,0,2.0,22.0,0.0,,
92,Maurice Jones,Drew,JAX,25,14,14,0,0,0,0,1,0.0,0,0,0.0,1,100.0,0,0.0,,45.0,,0.0,0.0,0,0,0.0,,45.0,0.0,,
93,Sam Koch,BAL,28,16,0,0,0,0,1,1,100.0,13,0,0.0,0,0.0,13,13.0,13.0,13.0,0.8,118.7,0,0,13.0,13.0,0.0,,
94,Brandon LaFell,CAR,24,14,2,0,0,0,0,1,0.0,0,0,0.0,0,0.0,0,0.0,0.0,,0.0,39.6,0,0,0.0,0.0,0.0,,
95,Stefan Logan,DET,29,16,0,0,0,0,0,1,0.0,0,0,0.0,0,0.0,0,0.0,0.0,,0.0,39.6,0,0,0.0,0.0,0.0,,
96,Brandon Marshall,MIA,26,14,14,0,0,0,0,1,0.0,0,0,0.0,0,0.0,0,0.0,0.0,,0.0,39.6,0,0,0.0,0.0,0.0,,
97,Mohamed Massaquoi,CLE,24,15,14,0,0,0,1,1,100.0,29,1,100.0,0,0.0,29,29.0,49.0,29.0,1.9,158.3,0,0,29.0,49.0,0.0,,
98,Darren McFadden,OAK,23,13,13,0,0,0,0,1,0.0,0,0,0.0,0,0.0,0,0.0,0.0,,0.0,39.6,0,0,0.0,0.0,0.0,,
99,Chad Ochocinco,CIN,32,14,12,0,0,0,0,1,0.0,0,0,0.0,0,0.0,0,0.0,0.0,,0.0,39.6,0,0,0.0,0.0,0.0,,
100,Michael Robinson,SEA,27,11,4,0,0,0,1,1,100.0,28,0,0.0,0,0.0,28,28.0,28.0,28.0,2.5,118.7,0,0,28.0,28.0,0.0,,
101,Mike Scifres,SDG,30,16,0,0,0,0,1,1,100.0,28,0,0.0,0,0.0,28,28.0,28.0,28.0,1.8,118.7,0,0,28.0,28.0,0.0,,
102,Billy Volek,SDG,34,3,0,0,0,0,1,1,100.0,8,0,0.0,0,0.0,8,8.0,8.0,8.0,2.7,100.0,0,0,8.0,8.0,0.0,,
1,Matt Schaub,HOU,28,16,16,9,7,0,396,583,67.9,4770,29,5.0,15,2.6,72,8.2,8.0,12.0,298.1,98.6,25,149,7.6,7.4,4.1,2,4
2,Peyton Manning,IND,33,16,16,14,2,0,393,571,68.8,4500,33,5.8,16,2.8,80,7.9,7.8,11.5,281.3,99.9,10,74,7.6,7.5,1.7,7,7
3,Tom Brady,NWE,32,16,16,10,6,0,371,565,65.7,4398,28,5.0,13,2.3,81,7.8,7.7,11.9,274.9,96.2,16,86,7.4,7.4,2.8,1,1
4,Jay Cutler,CHI,26,16,16,7,9,0,336,555,60.5,3666,27,4.9,26,4.7,71,6.6,5.5,10.9,229.1,76.8,35,204,5.9,4.8,5.9,2,4
5,Tony Romo,DAL,29,16,16,11,5,0,347,550,63.1,4483,26,4.7,9,1.6,80,8.2,8.4,12.9,280.2,97.6,34,196,7.3,7.5,5.8,3,3
6,Kyle Orton,DEN,27,16,15,8,7,0,336,541,62.1,3802,21,3.9,12,2.2,87,7.0,6.8,11.3,237.6,86.8,29,159,6.4,6.2,5.1,3,3
7,Aaron Rodgers,GNB,26,16,16,11,5,0,350,541,64.7,4434,30,5.5,7,1.3,83,8.2,8.7,12.7,277.1,103.2,50,306,7.0,7.5,8.5,2,2
8,Brett Favre,MIN,40,16,16,12,4,0,363,531,68.4,4202,33,6.2,7,1.3,63,7.9,8.6,11.6,262.6,107.2,34,247,7.0,7.6,6.0,2,2
9,David Garrard,JAX,31,16,16,7,9,0,314,516,60.9,3597,15,2.9,10,1.9,63,7.0,6.7,11.5,224.8,83.5,42,236,6.0,5.8,7.5,3,4
10,Drew Brees,NOR,30,15,15,13,2,0,363,514,70.6,4388,34,6.6,11,2.1,75,8.5,8.9,12.1,292.5,109.6,20,135,8.0,8.3,3.7,2,4
11,Kurt Warner,ARI,38,15,15,10,5,0,339,513,66.1,3753,26,5.1,14,2.7,45,7.3,7.1,11.1,250.2,93.2,24,172,6.7,6.5,4.5,1,2
12,Eli Manning,NYG,28,16,16,8,8,0,317,509,62.3,4021,27,5.3,14,2.8,74,7.9,7.7,12.7,251.3,93.1,30,216,7.1,6.9,5.6,1,2
13,Jason Campbell,WAS,28,16,16,4,12,0,327,507,64.5,3618,20,3.9,15,3.0,84,7.1,6.6,11.1,226.1,86.4,43,285,6.1,5.6,7.8,1,1
14,Ben Roethlisberger,PIT,27,15,15,9,6,0,337,506,66.6,4328,26,5.1,12,2.4,60,8.6,8.5,12.8,288.5,100.5,50,348,7.2,7.1,9.0,2,3
15,Joe Flacco,BAL,24,16,16,9,7,0,315,499,63.1,3613,21,4.2,12,2.4,72,7.2,7.0,11.5,225.8,88.9,36,218,6.3,6.1,6.7,1,2
16,Matt Cassel,KAN,27,15,15,4,11,0,271,493,55.0,2924,16,3.2,16,3.2,61,5.9,5.1,10.8,194.9,69.9,42,243,5.0,4.3,7.9,1,2
17,Matt Hasselbeck,SEA,34,14,14,5,9,0,293,488,60.0,3029,17,3.5,17,3.5,53,6.2,5.3,10.3,216.4,75.1,32,209,5.4,4.6,6.2,0,1
18,Philip Rivers,SDG,28,16,16,13,3,0,317,486,65.2,4254,28,5.8,9,1.9,81,8.8,9.1,13.4,265.9,104.4,25,167,8.0,8.3,4.9,2,4
19,Carson Palmer,CIN,30,16,16,10,6,0,282,466,60.5,3094,21,4.5,13,2.8,73,6.6,6.3,11.0,193.4,83.6,26,213,5.9,5.5,5.3,3,5
20,Chad Henne,MIA,24,14,13,7,6,0,274,451,60.8,2878,12,2.7,14,3.1,67,6.4,5.5,10.5,205.6,75.2,26,176,5.7,4.8,5.5,3,3
21,Matt Ryan,ATL,24,14,14,9,5,0,263,451,58.3,2916,22,4.9,14,3.1,90,6.5,6.0,11.1,208.3,80.9,19,92,6.0,5.6,4.0,1,3
22,Donovan McNabb,PHI,33,14,14,10,4,0,267,443,60.3,3553,22,5.0,10,2.3,60,8.0,8.0,13.3,253.8,92.9,35,264,6.9,6.9,7.3,2,3
23,Matthew Stafford,DET,21,10,10,2,8,0,201,377,53.3,2267,13,3.4,20,5.3,75,6.0,4.3,11.3,226.7,61.0,24,169,5.2,3.6,6.0,1,1
24,Alex Smith,SFO,25,11,10,5,5,0,225,372,60.5,2350,18,4.8,12,3.2,73,6.3,5.8,10.4,213.6,81.5,22,134,5.6,5.2,5.6,,
25,Mark Sanchez,NYJ,23,15,15,8,7,0,196,364,53.8,2444,12,3.3,20,5.5,65,6.7,4.9,12.5,162.9,63.0,26,195,5.8,4.1,6.7,,
26,Jake Delhomme,CAR,34,11,11,4,7,0,178,321,55.5,2015,8,2.5,18,5.6,52,6.3,4.3,11.3,183.2,59.4,23,187,5.3,3.4,6.7,1,2
27,Josh Freeman,TAM,21,10,9,3,6,0,158,290,54.5,1855,10,3.4,18,6.2,42,6.4,4.3,11.7,185.5,59.8,20,102,5.7,3.7,6.5,2,2
28,Vince Young,TEN,26,12,10,8,2,0,152,259,58.7,1879,10,3.9,7,2.7,66,7.3,6.8,12.4,156.6,82.8,9,36,6.9,6.4,3.4,3,6
29,Brady Quinn,CLE,25,10,9,2,7,0,136,256,53.1,1339,8,3.1,7,2.7,59,5.2,4.6,9.8,133.9,67.2,19,104,4.5,3.9,6.9,0,1
30,Marc Bulger,STL,32,9,8,1,7,0,140,247,56.7,1469,5,2.0,6,2.4,50,5.9,5.3,10.5,163.2,70.7,14,85,5.3,4.7,5.4,0,1
31,JaMarcus Russell,OAK,24,12,9,2,7,0,120,246,48.8,1287,3,1.2,11,4.5,86,5.2,3.5,10.7,107.3,50.0,33,207,3.9,2.3,11.8,2,2
32,Ryan Fitzpatrick,BUF,27,10,8,4,4,0,127,227,55.9,1422,9,4.0,10,4.4,98,6.3,5.1,11.2,142.2,69.7,21,127,5.2,4.1,8.5,1,2
33,Kerry Collins,TEN,37,7,6,0,6,0,119,216,55.1,1225,6,2.8,8,3.7,69,5.7,4.6,10.3,175.0,65.5,6,37,5.4,4.3,2.7,,
34,Trent Edwards,BUF,26,8,7,2,5,0,110,183,60.1,1169,6,3.3,7,3.8,46,6.4,5.3,10.6,146.1,73.8,23,139,5.0,4.1,11.2,,
35,Derek Anderson,CLE,26,8,7,3,4,0,81,182,44.5,888,3,1.6,10,5.5,43,4.9,2.7,11.0,111.0,42.1,11,75,4.2,2.2,5.7,0,1
36,Kyle Boller,STL,28,7,4,0,4,0,98,176,55.7,899,3,1.7,6,3.4,35,5.1,3.9,9.2,128.4,61.2,17,117,4.1,3.0,8.8,,
37,Daunte Culpepper,DET,32,8,5,0,5,0,89,157,56.7,945,3,1.9,6,3.8,38,6.0,4.7,10.6,118.1,64.8,14,107,4.9,3.7,8.2,,
38,Shaun Hill,SFO,29,6,6,3,3,0,87,155,56.1,943,5,3.2,2,1.3,61,6.1,6.1,10.8,157.2,79.6,18,107,4.8,4.9,10.4,1,1
39,Bruce Gradkowski,OAK,26,7,4,2,2,0,82,150,54.7,1007,6,4.0,3,2.0,75,6.7,6.6,12.3,143.9,80.6,11,71,5.8,5.7,6.8,2,2
40,Matt Moore,CAR,25,7,5,4,1,0,85,138,61.6,1053,8,5.8,2,1.4,66,7.6,8.1,12.4,150.4,98.5,9,78,6.6,7.1,6.1,1,1
41,Josh Johnson,TAM,23,6,4,0,4,0,63,125,50.4,685,4,3.2,8,6.4,35,5.5,3.2,10.9,114.2,50.9,11,59,4.6,2.5,8.1,,
42,Seneca Wallace,SEA,29,13,2,0,2,0,78,120,65.0,700,3,2.5,2,1.7,39,5.8,5.6,9.0,53.8,81.9,9,59,5.0,4.7,7.0,,
43,Keith Null,STL,24,4,4,0,4,0,73,119,61.3,566,3,2.5,9,7.6,25,4.8,1.9,7.8,141.5,49.9,13,82,3.7,1.1,9.8,,
44,Chris Redman,ATL,32,6,2,0,2,0,69,119,58.0,781,4,3.4,3,2.5,50,6.6,6.1,11.3,130.2,78.4,8,34,5.9,5.4,6.3,1,1
45,Byron Leftwich,TAM,29,3,3,0,3,0,58,107,54.2,594,4,3.7,3,2.8,47,5.6,5.0,10.2,198.0,71.2,2,0,5.4,4.9,1.8,,
46,Kevin Kolb,PHI,25,5,2,1,1,0,62,96,64.6,741,4,4.2,3,3.1,71,7.7,7.1,12.0,148.2,88.9,3,27,7.2,6.7,3.0,,
47,Charlie Frye,OAK,28,3,3,1,2,0,53,87,60.9,581,1,1.1,4,4.6,33,6.7,4.8,11.0,193.7,65.3,5,40,5.9,4.1,5.4,,
48,Matt Leinart,ARI,26,8,1,0,1,0,51,77,66.2,435,0,0.0,3,3.9,28,5.6,3.9,8.5,54.4,64.6,2,12,5.4,3.6,2.5,,
49,Chad Pennington,MIA,33,3,3,0,3,0,51,74,68.9,413,1,1.4,2,2.7,21,5.6,4.6,8.1,137.7,76.0,6,32,4.8,3.9,7.5,,
50,Drew Stanton,DET,25,4,1,0,1,0,26,51,51.0,259,0,0.0,6,11.8,30,5.1,,0.2,10.0,64.8,26.1,5,27,4.1,,0.7,8.9,,
51,Brodie Croyle,KAN,26,3,1,0,1,0,23,40,57.5,230,2,5.0,0,0.0,50,5.8,6.8,10.0,76.7,90.6,3,18,4.9,5.9,7.0,,
52,David Carr,NYG,30,6,0,0,0,0,21,33,63.6,225,1,3.0,0,0.0,37,6.8,7.4,10.7,37.5,93.6,2,11,6.1,6.7,5.7,,
53,Billy Volek,SDG,33,4,0,0,0,0,20,31,64.5,231,1,3.2,1,3.2,50,7.5,6.6,11.6,57.8,84.2,1,1,7.2,6.4,3.1,1,1
54,Mark Brunell,NOR,39,16,1,0,1,0,15,30,50.0,102,0,0.0,1,3.3,18,3.4,1.9,6.8,6.4,44.0,0,0,3.4,1.9,0.0,,
55,Brian Brohm,BUF,24,2,1,0,1,0,17,29,58.6,146,0,0.0,2,6.9,15,5.0,1.9,8.6,73.0,43.2,2,8,4.5,1.5,6.5,,
56,Curtis Painter,IND,24,2,0,0,0,0,8,28,28.6,83,0,0.0,2,7.1,22,3.0,,0.3,10.4,41.5,9.8,3,16,2.2,,0.7,9.7,,
57,Brian Hoyer,NWE,24,5,0,0,0,0,19,27,70.4,142,0,0.0,0,0.0,17,5.3,5.3,7.5,28.4,82.6,2,18,4.3,4.3,6.9,,
58,Kellen Clemens,NYJ,26,10,1,1,0,0,13,26,50.0,125,0,0.0,0,0.0,26,4.8,4.8,9.6,12.5,63.8,4,21,3.5,3.5,13.3,,
59,Dennis Dixon,PIT,24,1,1,0,1,0,12,26,46.2,145,1,3.8,1,3.8,33,5.6,4.6,12.1,145.0,60.6,0,0,5.6,4.6,0.0,,
60,Todd Collins,WAS,38,3,0,0,0,0,12,23,52.2,144,0,0.0,0,0.0,46,6.3,6.3,12.0,48.0,71.6,2,11,5.3,5.3,8.0,,
61,Tarvaris Jackson,MIN,26,8,0,0,0,0,14,21,66.7,201,1,4.8,0,0.0,34,9.6,10.5,14.4,25.1,113.4,0,0,9.6,10.5,0.0,,
62,Chris Simms,DEN,29,3,1,0,1,0,5,17,29.4,23,0,0.0,1,5.9,7,1.4,,1.3,4.6,7.7,15.1,5,39,,0.7,,2.8,22.7,,
63,Michael Vick,PHI,29,12,1,0,0,0,6,13,46.2,86,1,7.7,0,0.0,43,6.6,8.2,14.3,7.2,93.7,0,0,6.6,8.2,0.0,,
64,Matt Flynn,GNB,24,15,0,0,0,0,7,12,58.3,58,0,0.0,1,8.3,17,4.8,1.1,8.3,3.9,36.1,1,6,4.0,0.5,7.7,,
65,J.T. O'Sullivan,CIN,30,3,0,0,0,0,4,11,36.4,40,0,0.0,0,0.0,16,3.6,3.6,10.0,13.3,47.5,3,31,0.6,0.6,21.4,,
66,Rex Grossman,HOU,29,1,0,0,0,0,3,9,33.3,33,0,0.0,1,11.1,21,3.7,,1.3,11.0,33.0,5.6,0,0,3.7,,1.3,0.0,,
67,Troy Smith,BAL,25,4,0,0,0,0,5,9,55.6,24,0,0.0,1,11.1,9,2.7,,2.3,4.8,6.0,21.3,0,0,2.7,,2.3,0.0,,
68,Tyler Thigpen,2TM,25,2,0,0,0,0,4,8,50.0,83,1,12.5,2,25.0,34,10.4,1.6,20.8,41.5,87.0,0,0,10.4,1.6,0.0,0,0
69,Caleb Hanie,CHI,24,3,0,0,0,0,3,7,42.9,11,0,0.0,1,14.3,5,1.6,,4.9,3.7,3.7,10.7,0,0,1.6,,4.9,0.0,,
70,Ronnie Brown,MIA,28,9,9,0,0,0,2,6,33.3,22,1,16.7,0,0.0,21,3.7,7.0,11.0,2.4,84.7,1,9,1.9,4.7,14.3,,
71,Josh McCown,CAR,30,1,0,0,0,0,1,6,16.7,2,0,0.0,0,0.0,2,0.3,0.3,2.0,2.0,39.6,1,6,,0.6,,0.6,14.3,,
72,Pat White,MIA,23,13,0,0,0,0,0,5,0.0,0,0,0.0,0,0.0,0,0.0,0.0,,0.0,39.6,1,9,,1.5,,1.5,16.7,,
73,Josh Cribbs,CLE,26,16,12,0,0,0,1,4,25.0,18,0,0.0,1,25.0,18,4.5,,6.8,18.0,1.1,6.2,0,0,4.5,,6.8,0.0,,
74,Brian St. Pierre,ARI,30,1,0,0,0,0,2,4,50.0,12,1,25.0,1,25.0,9,3.0,,3.3,6.0,12.0,56.2,0,0,3.0,,3.3,0.0,,
75,Luke McCown,JAX,28,3,0,0,0,0,1,3,33.3,2,0,0.0,0,0.0,2,0.7,0.7,2.0,0.7,42.4,2,7,,1.0,,1.0,40.0,,
76,Charlie Batch,PIT,35,1,0,0,0,0,1,2,50.0,17,0,0.0,0,0.0,17,8.5,8.5,17.0,17.0,79.2,0,0,8.5,8.5,0.0,,
77,Hunter Smith,WAS,32,13,0,0,0,0,1,2,50.0,35,1,50.0,1,50.0,35,17.5,5.0,35.0,2.7,95.8,0,0,17.5,5.0,0.0,,
78,Joseph Addai,IND,26,15,15,0,0,0,1,1,100.0,22,1,100.0,0,0.0,22,22.0,42.0,22.0,1.5,158.3,0,0,22.0,42.0,0.0,,
79,Mark Bradley,KAN,27,13,6,0,0,0,1,1,100.0,26,0,0.0,0,0.0,26,26.0,26.0,26.0,2.0,118.7,0,0,26.0,26.0,0.0,,
80,Chris Brown,HOU,28,14,4,0,0,0,0,1,0.0,0,0,0.0,1,100.0,0,0.0,,45.0,,0.0,0.0,0,0,0.0,,45.0,0.0,,
81,Josh Brown,STL,30,16,0,0,0,0,1,1,100.0,36,1,100.0,0,0.0,36,36.0,56.0,36.0,2.3,158.3,0,0,36.0,56.0,0.0,,
82,Michael Bush,OAK,25,16,7,0,0,0,0,1,0.0,0,0,0.0,0,0.0,0,0.0,0.0,,0.0,39.6,0,0,0.0,0.0,0.0,,
83,Tim Castille,KAN,25,7,0,0,0,0,0,1,0.0,0,0,0.0,1,100.0,0,0.0,,45.0,,0.0,0.0,0,0,0.0,,45.0,0.0,,
84,Mark Clayton,BAL,27,14,12,0,0,0,1,1,100.0,0,0,0.0,0,0.0,0,0.0,0.0,0.0,0.0,79.2,0,0,0.0,0.0,0.0,,
85,Michael Clayton,TAM,27,13,11,0,0,0,0,1,0.0,0,0,0.0,0,0.0,0,0.0,0.0,,0.0,39.6,0,0,0.0,0.0,0.0,,
86,Phil Dawson,CLE,34,11,0,0,0,0,1,1,100.0,10,0,0.0,0,0.0,10,10.0,10.0,10.0,0.9,108.3,0,0,10.0,10.0,0.0,,
87,Braylon Edwards,2TM,26,16,15,0,0,0,0,1,0.0,0,0,0.0,0,0.0,0,0.0,0.0,,0.0,39.6,0,0,0.0,0.0,0.0,0,0
88,Matt Gutierrez,KAN,25,1,0,0,0,0,1,1,100.0,3,0,0.0,0,0.0,3,3.0,3.0,3.0,3.0,79.2,0,0,3.0,3.0,0.0,,
89,Santonio Holmes,PIT,25,16,16,0,0,0,0,1,0.0,0,0,0.0,0,0.0,0,0.0,0.0,,0.0,39.6,0,0,0.0,0.0,0.0,,
90,Fred Jackson,BUF,28,16,11,0,0,0,1,1,100.0,27,1,100.0,0,0.0,27,27.0,47.0,27.0,1.7,158.3,0,0,27.0,47.0,0.0,,
91,Chris Johnson,TEN,24,16,16,0,0,0,0,1,0.0,0,0,0.0,0,0.0,0,0.0,0.0,,0.0,39.6,0,0,0.0,0.0,0.0,,
92,Dirk Johnson,TAM,34,11,0,0,0,0,0,1,0.0,0,0,0.0,0,0.0,0,0.0,0.0,,0.0,39.6,0,0,0.0,0.0,0.0,,
93,J.P. Losman,OAK,28,1,0,0,0,0,0,1,0.0,0,0,0.0,0,0.0,0,0.0,0.0,,0.0,39.6,0,0,0.0,0.0,0.0,,
94,Brad Maynard,CHI,35,16,0,0,0,0,1,1,100.0,0,0,0.0,0,0.0,0,0.0,0.0,0.0,0.0,79.2,0,0,0.0,0.0,0.0,,
95,Mewelde Moore,PIT,27,16,0,0,0,0,1,1,100.0,6,1,100.0,0,0.0,6,6.0,26.0,6.0,0.4,131.2,0,0,6.0,26.0,0.0,,
96,Brian Moorman,BUF,33,16,0,0,0,0,1,1,100.0,25,1,100.0,0,0.0,25,25.0,45.0,25.0,1.6,158.3,0,0,25.0,45.0,0.0,,
97,Legedu Naanee,SDG,26,15,1,0,0,0,1,1,100.0,21,0,0.0,0,0.0,21,21.0,21.0,21.0,1.4,118.7,0,0,21.0,21.0,0.0,,
98,Clinton Portis,WAS,28,8,8,0,0,0,0,1,0.0,0,0,0.0,0,0.0,0,0.0,0.0,,0.0,39.6,0,0,0.0,0.0,0.0,,
99,Ray Rice,BAL,22,16,15,0,0,0,0,1,0.0,0,0,0.0,0,0.0,0,0.0,0.0,,0.0,39.6,0,0,0.0,0.0,0.0,,
100,Sidney Rice,MIN,23,16,14,0,0,0,0,1,0.0,0,0,0.0,0,0.0,0,0.0,0.0,,0.0,39.6,0,0,0.0,0.0,0.0,,
101,Jon Ryan,SEA,28,16,0,0,0,0,1,1,100.0,42,0,0.0,0,0.0,42,42.0,42.0,42.0,2.6,118.7,0,0,42.0,42.0,0.0,,
102,Brad Smith,NYJ,26,13,2,0,0,0,1,1,100.0,27,0,0.0,0,0.0,27,27.0,27.0,27.0,2.1,118.7,0,0,27.0,27.0,0.0,,
103,Micheal Spurlock,2TM,26,6,0,0,0,0,0,1,0.0,0,0,0.0,0,0.0,0,0.0,0.0,,0.0,39.6,0,0,0.0,0.0,0.0,0,0
104,LaDainian Tomlinson,SDG,30,14,14,0,0,0,0,1,0.0,0,0,0.0,0,0.0,0,0.0,0.0,,0.0,39.6,0,0,0.0,0.0,0.0,,
105,Reggie Wayne,IND,31,16,16,0,0,0,0,1,0.0,0,0,0.0,1,100.0,0,0.0,,45.0,,0.0,0.0,0,0,0.0,,45.0,0.0,,
106,Steve Weatherford,NYJ,27,16,0,0,0,0,0,1,0.0,0,0,0.0,1,100.0,0,0.0,,45.0,,0.0,0.0,0,0,0.0,,45.0,0.0,,
107,Brian Westbrook,PHI,30,8,7,0,0,0,0,1,0.0,0,0,0.0,0,0.0,0,0.0,0.0,,0.0,39.6,0,0,0.0,0.0,0.0,,
108,Ricky Williams,MIA,32,16,7,0,0,0,0,1,0.0,0,0,0.0,1,100.0,0,0.0,,45.0,,0.0,0.0,0,0,0.0,,45.0,0.0,,